{
  "Buy": "Mua",
  "Rent": "Thuê",
  "Renovation": "Cải tạo",
  "Commercial": "Thương mại",
  "Project": "Dự án",
  "Find agent": "Tìm môi giới",
  "Registrarse": "Đăng ký",
  "Iniciar Sesión": "Đăng nhập",
  "Listar Propiedades": "List a Property",
  "Language": "Ngôn ngữ",
  "Now it's easy to find your future home": "Thật dễ dàng để tìm căn nhà của bạn",
  "With Famireales - Real Estate HTML Template": "Với Famireales - Real Estate HTML Template",
  "Learn More": "Tìm hiểu thêm",
  "Bedrooms": "Số phòng ngủ",
  "Bathrooms": "Số phòng tắm",
  "For rent": "Cho thuê",
  "For sale": "Bán",
  "Search": "Tìm kiếm",
  "Advance Search": "Tìm kiếm nâng cao",
  "City": "Thành phố",
  "From": "Từ",
  "To": "Đến"
}